{"cameraMode":{"drawMode":0,"name":"Shaded","section":"Shading Mode"},"sceneLighting":true,"audioPlay":false,"sceneViewState":{"m_AlwaysRefresh":false,"showFog":true,"showSkybox":true,"showFlares":true,"showImageEffects":true,"showParticleSystems":true,"showVisualEffectGraphs":true,"m_FxEnabled":true},"in2DMode":false,"pivot":{"x":-12.589153289794922,"y":-0.021155357360839845,"z":-10.141179084777832},"rotation":{"x":0.12320782989263535,"y":0.8746339082717896,"z":-0.3629120886325836,"w":0.2969483733177185},"size":12.697311401367188,"orthographic":false}