{"cameraMode":{"drawMode":0,"name":"Shaded","section":"Shading Mode"},"sceneLighting":true,"audioPlay":false,"sceneViewState":{"m_AlwaysRefresh":false,"showFog":true,"showSkybox":true,"showFlares":true,"showImageEffects":true,"showParticleSystems":true,"showVisualEffectGraphs":true,"m_FxEnabled":true},"in2DMode":false,"pivot":{"x":0.16879132390022279,"y":2.1205196380615236,"z":0.8375316262245178},"rotation":{"x":0.23651480674743653,"y":-0.25689274072647097,"z":0.06499560177326203,"w":0.9348023533821106},"size":5.085570335388184,"orthographic":false}