{"cameraMode":{"drawMode":0,"name":"Shaded","section":"Shading Mode"},"sceneLighting":true,"audioPlay":false,"sceneViewState":{"m_AlwaysRefresh":false,"showFog":true,"showSkybox":true,"showFlares":true,"showImageEffects":true,"showParticleSystems":true,"showVisualEffectGraphs":true,"m_FxEnabled":true},"in2DMode":false,"pivot":{"x":26.381027221679689,"y":2.8587465286254885,"z":-0.583960771560669},"rotation":{"x":-0.20668859779834748,"y":0.7875590324401856,"z":-0.35341501235961916,"w":-0.46060022711753847},"size":10.209790229797364,"orthographic":false}